[
  {
    "unit_rent_room_id": 1,
    "unit_rent_id": 3,
    "tenant_id": 5,
    "room": 101,
    "room_type": "三房一厅",
    "rent_time": "2021-06-31",
    "rent_plan_time": 6,
    "rent": 4300,
    "status": "已出租，本月已缴费",
    "use_info_id": 1
  },
  {
    "unit_rent_room_id": 2,
    "unit_rent_id": 3,
    "tenant_id": 5,
    "room": 102,
    "room_type": "三房一厅",
    "rent_time": "2021-06-31",
    "rent_plan_time": 6,
    "rent": 4300,
    "status": "已出租，本月已缴费",
    "use_info_id": 1
  },
  {
    "unit_rent_room_id": 3,
    "unit_rent_id": 3,
    "tenant_id": 5,
    "room": 103,
    "room_type": "三房一厅",
    "rent_time": "2021-06-31",
    "rent_plan_time": 6,
    "rent": 4300,
    "status": "已出租，本月已缴费",
    "use_info_id": 1
  },
  {
    "unit_rent_room_id": 4,
    "unit_rent_id": 3,
    "tenant_id": 5,
    "room": 104,
    "room_type": "三房一厅",
    "rent_time": "2021-06-31",
    "rent_plan_time": 6,
    "rent": 4300,
    "status": "已出租，本月已缴费",
    "use_info_id": 1
  },
  {
    "unit_rent_room_id": 5,
    "unit_rent_id": 3,
    "tenant_id": 5,
    "room": 105,
    "room_type": "三房一厅",
    "rent_time": "2021-06-31",
    "rent_plan_time": 6,
    "rent": 4300,
    "status": "已出租，本月已缴费",
    "use_info_id": 1
  },
  {
    "unit_rent_room_id": 6,
    "unit_rent_id": 3,
    "tenant_id": 5,
    "room": 106,
    "room_type": "三房一厅",
    "rent_time": "2021-06-31",
    "rent_plan_time": 6,
    "rent": 4300,
    "status": "已出租，本月已缴费",
    "use_info_id": 1
  },
  {
    "unit_rent_room_id": 7,
    "unit_rent_id": 3,
    "tenant_id": 5,
    "room": 107,
    "room_type": "三房一厅",
    "rent_time": "2021-06-31",
    "rent_plan_time": 6,
    "rent": 4300,
    "status": "已出租，本月已缴费",
    "use_info_id": 1
  },
  {
    "unit_rent_room_id": 8,
    "unit_rent_id": 3,
    "tenant_id": 5,
    "room": 108,
    "room_type": "三房一厅",
    "rent_time": "2021-06-31",
    "rent_plan_time": 6,
    "rent": 4300,
    "status": "已出租，本月已缴费",
    "use_info_id": 1
  },
  {
    "unit_rent_room_id": 9,
    "unit_rent_id": 3,
    "tenant_id": 5,
    "room": 109,
    "room_type": "三房一厅",
    "rent_time": "2021-06-31",
    "rent_plan_time": 6,
    "rent": 4300,
    "status": "已出租，本月已缴费",
    "use_info_id": 1
  },
  {
    "unit_rent_room_id": 10,
    "unit_rent_id": 3,
    "tenant_id": 5,
    "room": 201,
    "room_type": "三房一厅",
    "rent_time": "2021-06-31",
    "rent_plan_time": 6,
    "rent": 4300,
    "status": "已出租，本月已缴费",
    "use_info_id": 1
  },
  {
    "unit_rent_room_id": 11,
    "unit_rent_id": 3,
    "tenant_id": 5,
    "room": 202,
    "room_type": "三房一厅",
    "rent_time": "2021-06-31",
    "rent_plan_time": 6,
    "rent": 4300,
    "status": "已出租，本月已缴费",
    "use_info_id": 1
  },
  {
    "unit_rent_room_id": 12,
    "unit_rent_id": 3,
    "tenant_id": 5,
    "room": 203,
    "room_type": "三房一厅",
    "rent_time": "2021-06-31",
    "rent_plan_time": 6,
    "rent": 4300,
    "status": "已出租，本月已缴费",
    "use_info_id": 1
  },
  {
    "unit_rent_room_id": 13,
    "unit_rent_id": 3,
    "tenant_id": 5,
    "room": 204,
    "room_type": "三房一厅",
    "rent_time": "2021-06-31",
    "rent_plan_time": 6,
    "rent": 4300,
    "status": "已出租，本月已缴费",
    "use_info_id": 1
  },
  {
    "unit_rent_room_id": 14,
    "unit_rent_id": 3,
    "tenant_id": 5,
    "room": 205,
    "room_type": "三房一厅",
    "rent_time": "2021-06-31",
    "rent_plan_time": 6,
    "rent": 4300,
    "status": "已出租，本月已缴费",
    "use_info_id": 1
  },
  {
    "unit_rent_room_id": 15,
    "unit_rent_id": 3,
    "tenant_id": 5,
    "room": 206,
    "room_type": "三房一厅",
    "rent_time": "2021-06-31",
    "rent_plan_time": 6,
    "rent": 4300,
    "status": "已出租，本月已缴费",
    "use_info_id": 1
  },
  {
    "unit_rent_room_id": 16,
    "unit_rent_id": 3,
    "tenant_id": 5,
    "room": 207,
    "room_type": "三房一厅",
    "rent_time": "2021-06-31",
    "rent_plan_time": 6,
    "rent": 4300,
    "status": "已出租，本月已缴费",
    "use_info_id": 1
  },
  {
    "unit_rent_room_id": 17,
    "unit_rent_id": 3,
    "tenant_id": 5,
    "room": 208,
    "room_type": "三房一厅",
    "rent_time": "2021-06-31",
    "rent_plan_time": 6,
    "rent": 4300,
    "status": "已出租，本月已缴费",
    "use_info_id": 1
  },
  {
    "unit_rent_room_id": 18,
    "unit_rent_id": 3,
    "tenant_id": 5,
    "room": 209,
    "room_type": "三房一厅",
    "rent_time": "2021-06-31",
    "rent_plan_time": 6,
    "rent": 4300,
    "status": "已出租，本月已缴费",
    "use_info_id": 1
  },
  {
    "unit_rent_room_id": 19,
    "unit_rent_id": 3,
    "tenant_id": 5,
    "room": 301,
    "room_type": "三房一厅",
    "rent_time": "2021-06-31",
    "rent_plan_time": 6,
    "rent": 4300,
    "status": "已出租，本月已缴费",
    "use_info_id": 1
  },
  {
    "unit_rent_room_id": 20,
    "unit_rent_id": 3,
    "tenant_id": 5,
    "room": 302,
    "room_type": "三房一厅",
    "rent_time": "2021-06-31",
    "rent_plan_time": 6,
    "rent": 4300,
    "status": "已出租，本月已缴费",
    "use_info_id": 1
  },
  {
    "unit_rent_room_id": 21,
    "unit_rent_id": 3,
    "tenant_id": 5,
    "room": 303,
    "room_type": "三房一厅",
    "rent_time": "2021-06-31",
    "rent_plan_time": 6,
    "rent": 4300,
    "status": "已出租，本月已缴费",
    "use_info_id": 1
  },
  {
    "unit_rent_room_id": 22,
    "unit_rent_id": 3,
    "tenant_id": 5,
    "room": 304,
    "room_type": "三房一厅",
    "rent_time": "2021-06-31",
    "rent_plan_time": 6,
    "rent": 4300,
    "status": "已出租，本月已缴费",
    "use_info_id": 1
  },
  {
    "unit_rent_room_id": 23,
    "unit_rent_id": 3,
    "tenant_id": 5,
    "room": 305,
    "room_type": "三房一厅",
    "rent_time": "2021-06-31",
    "rent_plan_time": 6,
    "rent": 4300,
    "status": "已出租，本月已缴费",
    "use_info_id": 1
  },
  {
    "unit_rent_room_id": 24,
    "unit_rent_id": 3,
    "tenant_id": 5,
    "room": 306,
    "room_type": "三房一厅",
    "rent_time": "2021-06-31",
    "rent_plan_time": 6,
    "rent": 4300,
    "status": "已出租，本月已缴费",
    "use_info_id": 1
  },
  {
    "unit_rent_room_id": 25,
    "unit_rent_id": 3,
    "tenant_id": 5,
    "room": 307,
    "room_type": "三房一厅",
    "rent_time": "2021-06-31",
    "rent_plan_time": 6,
    "rent": 4300,
    "status": "已出租，本月已缴费",
    "use_info_id": 1
  },
  {
    "unit_rent_room_id": 26,
    "unit_rent_id": 3,
    "tenant_id": 5,
    "room": 308,
    "room_type": "三房一厅",
    "rent_time": "2021-06-31",
    "rent_plan_time": 6,
    "rent": 4300,
    "status": "已出租，本月已缴费",
    "use_info_id": 1
  },
  {
    "unit_rent_room_id": 27,
    "unit_rent_id": 3,
    "tenant_id": 5,
    "room": 309,
    "room_type": "三房一厅",
    "rent_time": "2021-06-31",
    "rent_plan_time": 6,
    "rent": 4300,
    "status": "已出租，本月已缴费",
    "use_info_id": 1
  }
]